<?xml version="1.0" ?>
<Alquiler>
  <Vehiculos>
    <Vehiculo vehiculoID="2">
      _
      <Matricula>2222AAA</Matricula>
      <Descripcion>Fiat</Descripcion>
      <Anno_De_Fabricacion>2018</Anno_De_Fabricacion>
      <Tarifa>1.00</Tarifa>
      <Estado_Vehiculo>Ocupado</Estado_Vehiculo>
    </Vehiculo>
    <Vehiculo vehiculoID="3">
      _
      <Matricula>1234AAA</Matricula>
      <Descripcion>Coche</Descripcion>
      <Anno_De_Fabricacion>2006</Anno_De_Fabricacion>
      <Tarifa>5.00</Tarifa>
      <Estado_Vehiculo>Disponible</Estado_Vehiculo>
    </Vehiculo>
    <Vehiculo vehiculoID="1">
      <Matricula>2222SSS</Matricula>
      <Descripcion>vf jhnfnj</Descripcion>
      <Anno_De_Fabricacion>2020</Anno_De_Fabricacion>
      <Tarifa>69.00</Tarifa>
      <Estado_Vehiculo>Disponible</Estado_Vehiculo>
    </Vehiculo>
  </Vehiculos>
  <Alquileres>
    <Alquiler alquilerID="1">
      _
      <ID_Vehiculo matricula="1111AAA" tarifa="10.00">1</ID_Vehiculo>
      <ID_Cliente>12341234A</ID_Cliente>
      <Fecha_Inicio>01-12-2023</Fecha_Inicio>
      <Fecha_Final>12-12-2023</Fecha_Final>
      <Fecha_Devolucion>12-10-2025</Fecha_Devolucion>
      <Kilometraje_Inicial>1.00</Kilometraje_Inicial>
      <Kilometraje_Final>345.00</Kilometraje_Final>
      <Precio_Final>110.0</Precio_Final>
      <Recargo>6722.0</Recargo>
    </Alquiler>
    <Alquiler alquilerID="2">
      _
      <ID_Vehiculo matricula="2222AAA" tarifa="1.00">2</ID_Vehiculo>
      <ID_Cliente>12345678A</ID_Cliente>
      <Fecha_Inicio>03-01-2024</Fecha_Inicio>
      <Fecha_Final>08-01-2024</Fecha_Final>
      <Fecha_Devolucion>-</Fecha_Devolucion>
      <Kilometraje_Inicial>1.00</Kilometraje_Inicial>
      <Kilometraje_Final>234.23</Kilometraje_Final>
      <Precio_Final>5.0</Precio_Final>
      <Recargo>De momento 0</Recargo>
    </Alquiler>
  </Alquileres>
</Alquiler>